<?xml version="1.0"?>
<doc>
    <assembly>
        <name>Perspex.Styling</name>
    </assembly>
    <members>
        <member name="T:Perspex.LogicalTree.ILogical">
            <summary>
            Represents a node in the logical tree.
            </summary>
        </member>
        <member name="E:Perspex.LogicalTree.ILogical.AttachedToLogicalTree">
            <summary>
            Raised when the control is attached to a rooted logical tree.
            </summary>
        </member>
        <member name="E:Perspex.LogicalTree.ILogical.DetachedFromLogicalTree">
            <summary>
            Raised when the control is detached from a rooted logical tree.
            </summary>
        </member>
        <member name="P:Perspex.LogicalTree.ILogical.IsAttachedToLogicalTree">
            <summary>
            Gets a value indicating whether the element is attached to a rooted logical tree.
            </summary>
        </member>
        <member name="P:Perspex.LogicalTree.ILogical.LogicalParent">
            <summary>
            Gets the logical parent.
            </summary>
        </member>
        <member name="P:Perspex.LogicalTree.ILogical.LogicalChildren">
            <summary>
            Gets the logical children.
            </summary>
        </member>
        <member name="M:Perspex.LogicalTree.ILogical.NotifyDetachedFromLogicalTree(Perspex.LogicalTree.LogicalTreeAttachmentEventArgs)">
            <summary>
            Notifies the control that it is being detached from a rooted logical tree.
            </summary>
            <param name="e">The event args.</param>
            <remarks>
            This method will be called automatically by the framework, you should not need to call
            this method yourself.
            </remarks>
        </member>
        <member name="T:Perspex.LogicalTree.LogicalTreeAttachmentEventArgs">
            <summary>
            Holds the event arguments for the <see cref="E:Perspex.LogicalTree.ILogical.AttachedToLogicalTree"/> and 
            <see cref="E:Perspex.LogicalTree.ILogical.DetachedFromLogicalTree"/> events.
            </summary>
        </member>
        <member name="M:Perspex.LogicalTree.LogicalTreeAttachmentEventArgs.#ctor(Perspex.Styling.IStyleHost)">
            <summary>
            Initializes a new instance of the <see cref="T:Perspex.LogicalTree.LogicalTreeAttachmentEventArgs"/> class.
            </summary>
            <param name="root">The root of the logical tree.</param>
        </member>
        <member name="P:Perspex.LogicalTree.LogicalTreeAttachmentEventArgs.Root">
            <summary>
            Gets the root of the logical tree that the control is being attached to or detached from.
            </summary>
        </member>
        <member name="T:Perspex.Styling.ActivatedSubject">
            <summary>
            A subject which is switched on or off according to an activator observable.
            </summary>
            <remarks>
            An <see cref="T:Perspex.Styling.ActivatedSubject"/> has two inputs: an activator observable and either an
            <see cref="T:Perspex.Styling.ActivatedValue"/> or a <see cref="P:Perspex.Styling.ActivatedSubject.Source"/> observable which produces the
            activated value. When the activator produces true, the <see cref="T:Perspex.Styling.ActivatedObservable"/> will
            produce the current activated value. When the activator produces false it will produce
            <see cref="F:Perspex.PerspexProperty.UnsetValue"/>.
            </remarks>
        </member>
        <member name="M:Perspex.Styling.ActivatedSubject.#ctor(System.IObservable{System.Boolean},System.Reactive.Subjects.ISubject{System.Object},System.String)">
            <summary>
            Initializes a new instance of the <see cref="T:Perspex.Styling.ActivatedSubject"/> class.
            </summary>
            <param name="activator">The activator.</param>
            <param name="source">An observable that produces the activated value.</param>
            <param name="description">The binding description.</param>
        </member>
        <member name="P:Perspex.Styling.ActivatedSubject.Source">
            <summary>
            Gets the underlying subject.
            </summary>
        </member>
        <member name="M:Perspex.Styling.ActivatedSubject.OnCompleted">
            <summary>
            Notifies all subscribed observers about the end of the sequence.
            </summary>
        </member>
        <member name="M:Perspex.Styling.ActivatedSubject.OnError(System.Exception)">
            <summary>
            Notifies all subscribed observers with the exception.
            </summary>
            <param name="error">The exception to send to all subscribed observers.</param>
            <exception cref="T:System.ArgumentNullException"><paramref name="error"/> is null.</exception>
        </member>
        <member name="M:Perspex.Styling.ActivatedSubject.OnNext(System.Object)">
            <summary>
            Notifies all subscribed observers with the value.
            </summary>
            <param name="value">The value to send to all subscribed observers.</param>        
        </member>
        <member name="T:Perspex.Styling.ActivatedValue">
            <summary>
            An value which is switched on or off according to an activator observable.
            </summary>
            <remarks>
            An <see cref="T:Perspex.Styling.ActivatedValue"/> has two inputs: an activator observable and an
            <see cref="P:Perspex.Styling.ActivatedValue.Value"/>. When the activator produces true, the 
            <see cref="T:Perspex.Styling.ActivatedValue"/> will produce the current value. When the activator 
            produces false it will produce <see cref="F:Perspex.PerspexProperty.UnsetValue"/>.
            </remarks>
        </member>
        <member name="F:Perspex.Styling.ActivatedValue._activator">
            <summary>
            The activator.
            </summary>
        </member>
        <member name="M:Perspex.Styling.ActivatedValue.#ctor(System.IObservable{System.Boolean},System.Object,System.String)">
            <summary>
            Initializes a new instance of the <see cref="T:Perspex.Styling.ActivatedObservable"/> class.
            </summary>
            <param name="activator">The activator.</param>
            <param name="value">The activated value.</param>
            <param name="description">The binding description.</param>
        </member>
        <member name="P:Perspex.Styling.ActivatedValue.Value">
            <summary>
            Gets the activated value.
            </summary>
        </member>
        <member name="P:Perspex.Styling.ActivatedValue.Description">
            <summary>
            Gets a description of the binding.
            </summary>
        </member>
        <member name="M:Perspex.Styling.ActivatedValue.SubscribeCore(System.IObserver{System.Object})">
            <summary>
            Notifies the provider that an observer is to receive notifications.
            </summary>
            <param name="observer">The observer.</param>
            <returns>IDisposable object used to unsubscribe from the observable sequence.</returns>
        </member>
        <member name="P:Perspex.Styling.TemplateSelector.InTemplate">
            <inheritdoc/>
        </member>
        <member name="P:Perspex.Styling.TemplateSelector.TargetType">
            <inheritdoc/>
        </member>
        <member name="P:Perspex.Styling.DescendentSelector.InTemplate">
            <inheritdoc/>
        </member>
        <member name="P:Perspex.Styling.DescendentSelector.TargetType">
            <inheritdoc/>
        </member>
        <member name="P:Perspex.Styling.ChildSelector.InTemplate">
            <inheritdoc/>
        </member>
        <member name="P:Perspex.Styling.ChildSelector.TargetType">
            <inheritdoc/>
        </member>
        <member name="T:Perspex.Styling.IGlobalStyles">
            <summary>
            Defines the style host that provides styles global to the application.
            </summary>
        </member>
        <member name="T:Perspex.Styling.ISetter">
            <summary>
            Represents a setter for a <see cref="T:Perspex.Styling.Style"/>.
            </summary>
        </member>
        <member name="M:Perspex.Styling.ISetter.Apply(Perspex.Styling.IStyle,Perspex.Styling.IStyleable,System.IObservable{System.Boolean})">
            <summary>
            Applies the setter to a control.
            </summary>
            <param name="style">The style that is being applied.</param>
            <param name="control">The control.</param>
            <param name="activator">An optional activator.</param>
        </member>
        <member name="T:Perspex.Styling.IStyle">
            <summary>
            Defines the interface for styles.
            </summary>
        </member>
        <member name="M:Perspex.Styling.IStyle.Attach(Perspex.Styling.IStyleable,Perspex.Styling.IStyleHost)">
            <summary>
            Attaches the style to a control if the style's selector matches.
            </summary>
            <param name="control">The control to attach to.</param>
            <param name="container">
            The control that contains this style. May be null.
            </param>
        </member>
        <member name="M:Perspex.Styling.IStyle.FindResource(System.String)">
            <summary>
            Tries to find a named resource within the style.
            </summary>
            <param name="name">The resource name.</param>
            <returns>
            The resource if found, otherwise <see cref="F:Perspex.PerspexProperty.UnsetValue"/>.
            </returns>
        </member>
        <member name="T:Perspex.Styling.IStyleable">
            <summary>
            Interface for styleable elements.
            </summary>
        </member>
        <member name="P:Perspex.Styling.IStyleable.StyleDetach">
            <summary>
            Signalled when the control's style should be removed.
            </summary>
        </member>
        <member name="P:Perspex.Styling.IStyleable.Classes">
            <summary>
            Gets the list of classes for the control.
            </summary>
        </member>
        <member name="P:Perspex.Styling.IStyleable.StyleKey">
            <summary>
            Gets the type by which the control is styled.
            </summary>
        </member>
        <member name="P:Perspex.Styling.IStyleable.TemplatedParent">
            <summary>
            Gets the template parent of this element if the control comes from a template.
            </summary>
        </member>
        <member name="T:Perspex.Styling.IStyleRoot">
            <summary>
            Denotes the root <see cref="T:Perspex.Styling.IStyleHost"/> in a tree.
            </summary>
        </member>
        <member name="T:Perspex.Styling.IStyleHost">
            <summary>
            Defines an element that has a <see cref="P:Perspex.Styling.IStyleHost.Styles"/> collection.
            </summary>
        </member>
        <member name="P:Perspex.Styling.IStyleHost.Styles">
            <summary>
            Gets the styles for the element.
            </summary>
        </member>
        <member name="P:Perspex.Styling.IStyleHost.StylingParent">
            <summary>
            Gets the parent style host element.
            </summary>
        </member>
        <member name="T:Perspex.Styling.SelectorMatch">
            <summary>
            Holds the result of a <see cref="!:FuncSelector"/> match.
            </summary>
            <remarks>
            There are two types of selectors - ones whose match can never change for a particular
            control (such as <see cref="!:Selectors.OfType&lt;T&gt;(FuncSelector)"/>) and ones whose result can
            change over time (such as <see cref="!:Selectors.Class(FuncSelector, string)"/>. For the first
            category of selectors, the value of <see cref="P:Perspex.Styling.SelectorMatch.ImmediateResult"/> will be set but for the
            second, <see cref="P:Perspex.Styling.SelectorMatch.ImmediateResult"/> will be null and <see cref="P:Perspex.Styling.SelectorMatch.ObservableResult"/> will
            hold an observable which tracks the match.
            </remarks>
        </member>
        <member name="M:Perspex.Styling.SelectorMatch.#ctor(System.Boolean)">
            <summary>
            Initializes a new instance of the <see cref="T:Perspex.Styling.SelectorMatch"/> class.
            </summary>
            <param name="match">The immediate match value.</param>
        </member>
        <member name="M:Perspex.Styling.SelectorMatch.#ctor(System.IObservable{System.Boolean})">
            <summary>
            Initializes a new instance of the <see cref="T:Perspex.Styling.SelectorMatch"/> class.
            </summary>
            <param name="match">The observable match value.</param>
        </member>
        <member name="P:Perspex.Styling.SelectorMatch.ImmediateResult">
            <summary>
            Gets the immedate result of the selector match, in the case of selectors that cannot
            change over time.
            </summary>
        </member>
        <member name="P:Perspex.Styling.SelectorMatch.ObservableResult">
            <summary>
            Gets an observable which tracks the selector match, in the case of selectors that can
            change over time.
            </summary>
        </member>
        <member name="T:Perspex.Styling.Selector">
            <summary>
            A selector in a <see cref="T:Perspex.Styling.Style"/>.
            </summary>
        </member>
        <member name="P:Perspex.Styling.Selector.InTemplate">
            <summary>
            Gets a value indicating whether either this selector or a previous selector has moved
            into a template.
            </summary>
        </member>
        <member name="P:Perspex.Styling.Selector.TargetType">
            <summary>
            Gets the target type of the selector, if available.
            </summary>
        </member>
        <member name="M:Perspex.Styling.Selector.Match(Perspex.Styling.IStyleable,System.Boolean)">
            <summary>
            Tries to match the selector with a control.
            </summary>
            <param name="control">The control.</param>
            <param name="subscribe">
            Whether the match should subscribe to changes in order to track the match over time,
            or simply return an immediate result.
            </param>
            <returns>A <see cref="T:Perspex.Styling.SelectorMatch"/>.</returns>
        </member>
        <member name="M:Perspex.Styling.Selector.Evaluate(Perspex.Styling.IStyleable,System.Boolean)">
            <summary>
            Evaluates the selector for a match.
            </summary>
            <param name="control">The control.</param>
            <param name="subscribe">
            Whether the match should subscribe to changes in order to track the match over time,
            or simply return an immediate result.
            </param>
            <returns>A <see cref="T:Perspex.Styling.SelectorMatch"/>.</returns>
        </member>
        <member name="M:Perspex.Styling.Selector.MovePrevious">
            <summary>
            Moves to the previous selector.
            </summary>
        </member>
        <member name="T:Perspex.Styling.Selectors">
            <summary>
            Extension methods for <see cref="T:Perspex.Styling.Selector"/>.
            </summary>
        </member>
        <member name="M:Perspex.Styling.Selectors.Child(Perspex.Styling.Selector)">
            <summary>
            Returns a selector which matches a previous selector's child.
            </summary>
            <param name="previous">The previous selector.</param>
            <returns>The selector.</returns>
        </member>
        <member name="M:Perspex.Styling.Selectors.Class(Perspex.Styling.Selector,System.String)">
            <summary>
            Returns a selector which matches a control's style class.
            </summary>
            <param name="previous">The previous selector.</param>
            <param name="name">The name of the style class.</param>
            <returns>The selector.</returns>
        </member>
        <member name="M:Perspex.Styling.Selectors.Descendent(Perspex.Styling.Selector)">
            <summary>
            Returns a selector which matches a descendent of a previous selector.
            </summary>
            <param name="previous">The previous selector.</param>
            <returns>The selector.</returns>
        </member>
        <member name="M:Perspex.Styling.Selectors.Is(Perspex.Styling.Selector,System.Type)">
            <summary>
            Returns a selector which matches a type or a derived type.
            </summary>
            <param name="previous">The previous selector.</param>
            <param name="type">The type.</param>
            <returns>The selector.</returns>
        </member>
        <member name="M:Perspex.Styling.Selectors.Is``1(Perspex.Styling.Selector)">
            <summary>
            Returns a selector which matches a type or a derived type.
            </summary>
            <typeparam name="T">The type.</typeparam>
            <param name="previous">The previous selector.</param>
            <returns>The selector.</returns>
        </member>
        <member name="M:Perspex.Styling.Selectors.Name(Perspex.Styling.Selector,System.String)">
            <summary>
            Returns a selector which matches a control's Name.
            </summary>
            <param name="previous">The previous selector.</param>
            <param name="name">The name.</param>
            <returns>The selector.</returns>
        </member>
        <member name="M:Perspex.Styling.Selectors.OfType(Perspex.Styling.Selector,System.Type)">
            <summary>
            Returns a selector which matches a type.
            </summary>
            <param name="previous">The previous selector.</param>
            <param name="type">The type.</param>
            <returns>The selector.</returns>
        </member>
        <member name="M:Perspex.Styling.Selectors.OfType``1(Perspex.Styling.Selector)">
            <summary>
            Returns a selector which matches a type.
            </summary>
            <typeparam name="T">The type.</typeparam>
            <param name="previous">The previous selector.</param>
            <returns>The selector.</returns>
        </member>
        <member name="M:Perspex.Styling.Selectors.PropertyEquals``1(Perspex.Styling.Selector,Perspex.PerspexProperty{``0},System.Object)">
            <summary>
            Returns a selector which matches a control with the specified property value.
            </summary>
            <typeparam name="T">The property type.</typeparam>
            <param name="previous">The previous selector.</param>
            <param name="property">The property.</param>
            <param name="value">The property value.</param>
            <returns>The selector.</returns>
        </member>
        <member name="M:Perspex.Styling.Selectors.PropertyEquals(Perspex.Styling.Selector,Perspex.PerspexProperty,System.Object)">
            <summary>
            Returns a selector which matches a control with the specified property value.
            </summary>
            <param name="previous">The previous selector.</param>
            <param name="property">The property.</param>
            <param name="value">The property value.</param>
            <returns>The selector.</returns>
        </member>
        <member name="M:Perspex.Styling.Selectors.Template(Perspex.Styling.Selector)">
            <summary>
            Returns a selector which enters a lookless control's template.
            </summary>
            <param name="previous">The previous selector.</param>
            <returns>The selector.</returns>
        </member>
        <member name="T:Perspex.Styling.Setter">
            <summary>
            A setter for a <see cref="T:Perspex.Styling.Style"/>.
            </summary>
            <remarks>
            A <see cref="T:Perspex.Styling.Setter"/> is used to set a <see cref="T:Perspex.PerspexProperty"/> value on a
            <see cref="T:Perspex.PerspexObject"/> depending on a condition.
            </remarks>
        </member>
        <member name="M:Perspex.Styling.Setter.#ctor">
            <summary>
            Initializes a new instance of the <see cref="T:Perspex.Styling.Setter"/> class.
            </summary>
        </member>
        <member name="M:Perspex.Styling.Setter.#ctor(Perspex.PerspexProperty,System.Object)">
            <summary>
            Initializes a new instance of the <see cref="T:Perspex.Styling.Setter"/> class.
            </summary>
            <param name="property">The property to set.</param>
            <param name="value">The property value.</param>
        </member>
        <member name="P:Perspex.Styling.Setter.Property">
            <summary>
            Gets or sets the property to set.
            </summary>
        </member>
        <member name="P:Perspex.Styling.Setter.Value">
            <summary>
            Gets or sets the property value.
            </summary>
        </member>
        <member name="M:Perspex.Styling.Setter.Apply(Perspex.Styling.IStyle,Perspex.Styling.IStyleable,System.IObservable{System.Boolean})">
            <summary>
            Applies the setter to a control.
            </summary>
            <param name="style">The style that is being applied.</param>
            <param name="control">The control.</param>
            <param name="activator">An optional activator.</param>
        </member>
        <member name="T:Perspex.Styling.Style">
            <summary>
            Defines a style.
            </summary>
        </member>
        <member name="M:Perspex.Styling.Style.#ctor">
            <summary>
            Initializes a new instance of the <see cref="T:Perspex.Styling.Style"/> class.
            </summary>
        </member>
        <member name="M:Perspex.Styling.Style.#ctor(System.Func{Perspex.Styling.Selector,Perspex.Styling.Selector})">
            <summary>
            Initializes a new instance of the <see cref="T:Perspex.Styling.Style"/> class.
            </summary>
            <param name="selector">The style selector.</param>
        </member>
        <member name="P:Perspex.Styling.Style.Resources">
            <summary>
            Gets or sets a dictionary of style resources.
            </summary>
        </member>
        <member name="P:Perspex.Styling.Style.Selector">
            <summary>
            Gets or sets style's selector.
            </summary>
        </member>
        <member name="P:Perspex.Styling.Style.Setters">
            <summary>
            Gets or sets style's setters.
            </summary>
        </member>
        <member name="M:Perspex.Styling.Style.Attach(Perspex.Styling.IStyleable,Perspex.Styling.IStyleHost)">
            <summary>
            Attaches the style to a control if the style's selector matches.
            </summary>
            <param name="control">The control to attach to.</param>
            <param name="container">
            The control that contains this style. May be null.
            </param>
        </member>
        <member name="M:Perspex.Styling.Style.FindResource(System.String)">
            <summary>
            Tries to find a named resource within the style.
            </summary>
            <param name="name">The resource name.</param>
            <returns>
            The resource if found, otherwise <see cref="F:Perspex.PerspexProperty.UnsetValue"/>.
            </returns>
        </member>
        <member name="M:Perspex.Styling.Style.ToString">
            <summary>
            Returns a string representation of the style.
            </summary>
            <returns>A string representation of the style.</returns>
        </member>
        <member name="M:Perspex.Styling.Style.ControlDetach(Perspex.Styling.IStyleable)">
            <summary>
            Called when a control's <see cref="P:Perspex.Styling.IStyleable.StyleDetach"/> is signalled to remove
            all applied styles.
            </summary>
            <param name="control">The control.</param>
        </member>
        <member name="T:Perspex.Styling.ActivatedObservable">
            <summary>
            An observable which is switched on or off according to an activator observable.
            </summary>
            <remarks>
            An <see cref="T:Perspex.Styling.ActivatedObservable"/> has two inputs: an activator observable a 
            <see cref="P:Perspex.Styling.ActivatedObservable.Source"/> observable which produces the activated value. When the activator 
            produces true, the <see cref="T:Perspex.Styling.ActivatedObservable"/> will produce the current activated 
            value. When the activator produces false it will produce
            <see cref="F:Perspex.PerspexProperty.UnsetValue"/>.
            </remarks>
        </member>
        <member name="M:Perspex.Styling.ActivatedObservable.#ctor(System.IObservable{System.Boolean},System.IObservable{System.Object},System.String)">
            <summary>
            Initializes a new instance of the <see cref="T:Perspex.Styling.ActivatedObservable"/> class.
            </summary>
            <param name="activator">The activator.</param>
            <param name="source">An observable that produces the activated value.</param>
            <param name="description">The binding description.</param>
        </member>
        <member name="P:Perspex.Styling.ActivatedObservable.Activator">
            <summary>
            Gets the activator observable.
            </summary>
        </member>
        <member name="P:Perspex.Styling.ActivatedObservable.Description">
            <summary>
            Gets a description of the binding.
            </summary>
        </member>
        <member name="P:Perspex.Styling.ActivatedObservable.Source">
            <summary>
            Gets an observable which produces the <see cref="T:Perspex.Styling.ActivatedValue"/>.
            </summary>
        </member>
        <member name="M:Perspex.Styling.ActivatedObservable.SubscribeCore(System.IObserver{System.Object})">
            <summary>
            Notifies the provider that an observer is to receive notifications.
            </summary>
            <param name="observer">The observer.</param>
            <returns>IDisposable object used to unsubscribe from the observable sequence.</returns>
        </member>
        <member name="M:Perspex.Styling.StyleExtensions.FindStyleResource(Perspex.Styling.IStyleHost,System.String)">
            <summary>
            Tries to find a named style resource.
            </summary>
            <param name="control">The control from which to find the resource.</param>
            <param name="name">The resource name.</param>
            <returns>
            The resource if found, otherwise <see cref="F:Perspex.PerspexProperty.UnsetValue"/>.
            </returns>
        </member>
        <member name="T:Perspex.Styling.Styles">
            <summary>
            A style that consists of a number of child styles.
            </summary>
        </member>
        <member name="M:Perspex.Styling.Styles.Attach(Perspex.Styling.IStyleable,Perspex.Styling.IStyleHost)">
            <summary>
            Attaches the style to a control if the style's selector matches.
            </summary>
            <param name="control">The control to attach to.</param>
            <param name="container">
            The control that contains this style. May be null.
            </param>
        </member>
        <member name="M:Perspex.Styling.Styles.FindResource(System.String)">
            <summary>
            Tries to find a named resource within the style.
            </summary>
            <param name="name">The resource name.</param>
            <returns>
            The resource if found, otherwise <see cref="F:Perspex.PerspexProperty.UnsetValue"/>.
            </returns>
        </member>
        <member name="T:Perspex.Styling.PropertyEqualsSelector">
            <summary>
            A selector that matches the common case of a type and/or name followed by a collection of
            style classes and pseudoclasses.
            </summary>
        </member>
        <member name="P:Perspex.Styling.PropertyEqualsSelector.InTemplate">
            <inheritdoc/>
        </member>
        <member name="P:Perspex.Styling.PropertyEqualsSelector.Name">
            <summary>
            Gets the name of the control to match.
            </summary>
        </member>
        <member name="P:Perspex.Styling.PropertyEqualsSelector.TargetType">
            <inheritdoc/>
        </member>
        <member name="M:Perspex.Styling.PropertyEqualsSelector.ToString">
            <inheritdoc/>
        </member>
        <member name="M:Perspex.Styling.PropertyEqualsSelector.Evaluate(Perspex.Styling.IStyleable,System.Boolean)">
            <inheritdoc/>
        </member>
        <member name="T:Perspex.Styling.TypeNameAndClassSelector">
            <summary>
            A selector that matches the common case of a type and/or name followed by a collection of
            style classes and pseudoclasses.
            </summary>
        </member>
        <member name="P:Perspex.Styling.TypeNameAndClassSelector.InTemplate">
            <inheritdoc/>
        </member>
        <member name="P:Perspex.Styling.TypeNameAndClassSelector.Name">
            <summary>
            Gets the name of the control to match.
            </summary>
        </member>
        <member name="P:Perspex.Styling.TypeNameAndClassSelector.TargetType">
            <inheritdoc/>
        </member>
        <member name="P:Perspex.Styling.TypeNameAndClassSelector.IsConcreteType">
            <summary>
            Whether the selector matches the concrete <see cref="P:Perspex.Styling.TypeNameAndClassSelector.TargetType"/> or any object which
            implements <see cref="P:Perspex.Styling.TypeNameAndClassSelector.TargetType"/>.
            </summary>
        </member>
        <member name="P:Perspex.Styling.TypeNameAndClassSelector.Classes">
            <summary>
            The style classes which the selector matches.
            </summary>
        </member>
        <member name="M:Perspex.Styling.TypeNameAndClassSelector.ToString">
            <inheritdoc/>
        </member>
        <member name="M:Perspex.Styling.TypeNameAndClassSelector.Evaluate(Perspex.Styling.IStyleable,System.Boolean)">
            <inheritdoc/>
        </member>
    </members>
</doc>
