<?xml version="1.0"?>
<doc>
    <assembly>
        <name>Perspex.Themes.Default</name>
    </assembly>
    <members>
        <member name="T:Perspex.Themes.Default.DefaultTheme">
            <summary>
            The default Perspex theme.
            </summary>
        </member>
        <member name="M:Perspex.Themes.Default.DefaultTheme.#ctor">
            <summary>
            Initializes a new instance of the <see cref="T:Perspex.Themes.Default.DefaultTheme"/> class.
            </summary>
        </member>
    </members>
</doc>
