<?xml version="1.0"?>
<doc>
    <assembly>
        <name>Perspex.Markup</name>
    </assembly>
    <members>
        <member name="T:Perspex.Markup.Data.ExpressionParseException">
            <summary>
            Exception thrown when <see cref="T:Perspex.Markup.Data.ExpressionObserver"/> could not parse the provided
            expression string.
            </summary>
        </member>
        <member name="M:Perspex.Markup.Data.ExpressionParseException.#ctor(System.Int32,System.String)">
            <summary>
            Initializes a new instance of the <see cref="T:Perspex.Markup.Data.ExpressionParseException"/> class.
            </summary>
            <param name="column">The column position of the error.</param>
            <param name="message">The exception message.</param>
        </member>
        <member name="P:Perspex.Markup.Data.ExpressionParseException.Column">
            <summary>
            Gets the column position at which the error occurred.
            </summary>
        </member>
        <member name="T:Perspex.Markup.Data.ExpressionSubject">
            <summary>
            Turns an <see cref="T:Perspex.Markup.Data.ExpressionObserver"/> into a subject that can be bound two-way with
            a value converter.
            </summary>
        </member>
        <member name="M:Perspex.Markup.Data.ExpressionSubject.#ctor(Perspex.Markup.Data.ExpressionObserver,System.Type)">
            <summary>
            Initializes a new instance of the <see cref="T:Perspex.Markup.Data.ExpressionObserver"/> class.
            </summary>
            <param name="inner">The <see cref="T:Perspex.Markup.Data.ExpressionObserver"/>.</param>
            <param name="targetType">The type to convert the value to.</param>
        </member>
        <member name="M:Perspex.Markup.Data.ExpressionSubject.#ctor(Perspex.Markup.Data.ExpressionObserver,System.Type,Perspex.Markup.IValueConverter,System.Object,System.Object,Perspex.Data.BindingPriority)">
            <summary>
            Initializes a new instance of the <see cref="T:Perspex.Markup.Data.ExpressionObserver"/> class.
            </summary>
            <param name="inner">The <see cref="T:Perspex.Markup.Data.ExpressionObserver"/>.</param>
            <param name="targetType">The type to convert the value to.</param>
            <param name="converter">The value converter to use.</param>
            <param name="converterParameter">
            A parameter to pass to <paramref name="converter"/>.
            </param>
            <param name="fallbackValue">
            The value to use when the binding is unable to produce a value.
            </param>
            <param name="priority">The binding priority.</param>
        </member>
        <member name="P:Perspex.Markup.Data.ExpressionSubject.Converter">
            <summary>
            Gets the converter to use on the expression.
            </summary>
        </member>
        <member name="P:Perspex.Markup.Data.ExpressionSubject.ConverterParameter">
            <summary>
            Gets a parameter to pass to <see cref="P:Perspex.Markup.Data.ExpressionSubject.Converter"/>.
            </summary>
        </member>
        <member name="P:Perspex.Markup.Data.ExpressionSubject.Perspex#IDescription#Description">
            <inheritdoc/>
        </member>
        <member name="M:Perspex.Markup.Data.ExpressionSubject.OnCompleted">
            <inheritdoc/>
        </member>
        <member name="M:Perspex.Markup.Data.ExpressionSubject.OnError(System.Exception)">
            <inheritdoc/>
        </member>
        <member name="M:Perspex.Markup.Data.ExpressionSubject.OnNext(System.Object)">
            <inheritdoc/>
        </member>
        <member name="M:Perspex.Markup.Data.ExpressionSubject.Subscribe(System.IObserver{System.Object})">
            <inheritdoc/>
        </member>
        <member name="T:Perspex.Markup.Data.Plugins.PerspexPropertyAccessorPlugin">
            <summary>
            Reads a property from a <see cref="T:Perspex.PerspexObject"/>.
            </summary>
        </member>
        <member name="M:Perspex.Markup.Data.Plugins.PerspexPropertyAccessorPlugin.Match(System.WeakReference)">
            <summary>
            Checks whether this plugin can handle accessing the properties of the specified object.
            </summary>
            <param name="reference">A weak reference to the object.</param>
            <returns>True if the plugin can handle the object; otherwise false.</returns>
        </member>
        <member name="M:Perspex.Markup.Data.Plugins.PerspexPropertyAccessorPlugin.Start(System.WeakReference,System.String,System.Action{System.Object})">
            <summary>
            Starts monitoring the value of a property on an object.
            </summary>
            <param name="reference">A weak reference to the object.</param>
            <param name="propertyName">The property name.</param>
            <param name="changed">A function to call when the property changes.</param>
            <returns>
            An <see cref="T:Perspex.Markup.Data.Plugins.IPropertyAccessor"/> interface through which future interactions with the 
            property will be made.
            </returns>
        </member>
        <member name="T:Perspex.Markup.Data.Plugins.InpcPropertyAccessorPlugin">
            <summary>
            Reads a property from a standard C# object that optionally supports the
            <see cref="T:System.ComponentModel.INotifyPropertyChanged"/> interface.
            </summary>
        </member>
        <member name="M:Perspex.Markup.Data.Plugins.InpcPropertyAccessorPlugin.Match(System.WeakReference)">
            <summary>
            Checks whether this plugin can handle accessing the properties of the specified object.
            </summary>
            <param name="reference">The object.</param>
            <returns>True if the plugin can handle the object; otherwise false.</returns>
        </member>
        <member name="M:Perspex.Markup.Data.Plugins.InpcPropertyAccessorPlugin.Start(System.WeakReference,System.String,System.Action{System.Object})">
            <summary>
            Starts monitoring the value of a property on an object.
            </summary>
            <param name="reference">The object.</param>
            <param name="propertyName">The property name.</param>
            <param name="changed">A function to call when the property changes.</param>
            <returns>
            An <see cref="T:Perspex.Markup.Data.Plugins.IPropertyAccessor"/> interface through which future interactions with the 
            property will be made.
            </returns>
        </member>
        <member name="T:Perspex.Markup.Data.Plugins.IPropertyAccessor">
            <summary>
            Defines an accessor to a property on an object returned by a 
            <see cref="T:Perspex.Markup.Data.Plugins.IPropertyAccessorPlugin"/>
            </summary>
        </member>
        <member name="P:Perspex.Markup.Data.Plugins.IPropertyAccessor.PropertyType">
            <summary>
            Gets the type of the property.
            </summary>
        </member>
        <member name="P:Perspex.Markup.Data.Plugins.IPropertyAccessor.Value">
            <summary>
            Gets the current value of the property.
            </summary>
        </member>
        <member name="M:Perspex.Markup.Data.Plugins.IPropertyAccessor.SetValue(System.Object,Perspex.Data.BindingPriority)">
            <summary>
            Sets the property value.
            </summary>
            <param name="value">
            The value to set. Guaranteed to be of a valid type for the property.
            </param>
            <param name="priority">
            The priority with which to set the value.
            </param>
            <returns>
            True if the property was set; false if the property could not be set.
            </returns>
        </member>
        <member name="T:Perspex.Markup.Data.Plugins.IPropertyAccessorPlugin">
            <summary>
            Defines how a member is read, written and observed by an
            <see cref="T:Perspex.Markup.Data.ExpressionObserver"/>.
            </summary>
        </member>
        <member name="M:Perspex.Markup.Data.Plugins.IPropertyAccessorPlugin.Match(System.WeakReference)">
            <summary>
            Checks whether this plugin can handle accessing the properties of the specified object.
            </summary>
            <param name="reference">A weak reference to the object.</param>
            <returns>True if the plugin can handle the object; otherwise false.</returns>
        </member>
        <member name="M:Perspex.Markup.Data.Plugins.IPropertyAccessorPlugin.Start(System.WeakReference,System.String,System.Action{System.Object})">
            <summary>
            Starts monitoring the value of a property on an object.
            </summary>
            <param name="reference">A weak reference to the object.</param>
            <param name="propertyName">The property name.</param>
            <param name="changed">A function to call when the property changes.</param>
            <returns>
            An <see cref="T:Perspex.Markup.Data.Plugins.IPropertyAccessor"/> interface through which future interactions with the 
            property will be made.
            </returns>
        </member>
        <member name="T:Perspex.Markup.Data.Plugins.PropertyError">
            <summary>
            An <see cref="T:Perspex.Markup.Data.Plugins.IPropertyAccessor"/> that represents an error.
            </summary>
        </member>
        <member name="M:Perspex.Markup.Data.Plugins.PropertyError.#ctor(Perspex.Data.BindingError)">
            <summary>
            Initializes a new instance of the <see cref="T:Perspex.Markup.Data.Plugins.PropertyError"/> class.
            </summary>
            <param name="error">The error to report.</param>
        </member>
        <member name="P:Perspex.Markup.Data.Plugins.PropertyError.PropertyType">
            <inheritdoc/>
        </member>
        <member name="P:Perspex.Markup.Data.Plugins.PropertyError.Value">
            <inheritdoc/>
        </member>
        <member name="M:Perspex.Markup.Data.Plugins.PropertyError.Dispose">
            <inheritdoc/>
        </member>
        <member name="M:Perspex.Markup.Data.Plugins.PropertyError.SetValue(System.Object,Perspex.Data.BindingPriority)">
            <inheritdoc/>
        </member>
        <member name="T:Perspex.Markup.Data.ExpressionObserver">
            <summary>
            Observes and sets the value of an expression on an object.
            </summary>
        </member>
        <member name="F:Perspex.Markup.Data.ExpressionObserver.PropertyAccessors">
            <summary>
            An ordered collection of property accessor plugins that can be used to customize
            the reading and subscription of property values on a type.
            </summary>
        </member>
        <member name="M:Perspex.Markup.Data.ExpressionObserver.#ctor(System.Object,System.String)">
            <summary>
            Initializes a new instance of the <see cref="T:Perspex.Markup.Data.ExpressionObserver"/> class.
            </summary>
            <param name="root">The root object.</param>
            <param name="expression">The expression.</param>
        </member>
        <member name="M:Perspex.Markup.Data.ExpressionObserver.#ctor(System.IObservable{System.Object},System.String)">
            <summary>
            Initializes a new instance of the <see cref="T:Perspex.Markup.Data.ExpressionObserver"/> class.
            </summary>
            <param name="rootObservable">An observable which provides the root object.</param>
            <param name="expression">The expression.</param>
        </member>
        <member name="M:Perspex.Markup.Data.ExpressionObserver.#ctor(System.Func{System.Object},System.String,System.IObservable{System.Reactive.Unit})">
            <summary>
            Initializes a new instance of the <see cref="T:Perspex.Markup.Data.ExpressionObserver"/> class.
            </summary>
            <param name="rootGetter">A function which gets the root object.</param>
            <param name="expression">The expression.</param>
            <param name="update">An observable which triggers a re-read of the getter.</param>
        </member>
        <member name="M:Perspex.Markup.Data.ExpressionObserver.SetValue(System.Object,Perspex.Data.BindingPriority)">
            <summary>
            Attempts to set the value of a property expression.
            </summary>
            <param name="value">The value to set.</param>
            <param name="priority">The binding priority to use.</param>
            <returns>
            True if the value could be set; false if the expression does not evaluate to a 
            property.
            </returns>
        </member>
        <member name="P:Perspex.Markup.Data.ExpressionObserver.Expression">
            <summary>
            Gets the expression being observed.
            </summary>
        </member>
        <member name="P:Perspex.Markup.Data.ExpressionObserver.ResultType">
            <summary>
            Gets the type of the expression result or null if the expression could not be 
            evaluated.
            </summary>
        </member>
        <member name="P:Perspex.Markup.Data.ExpressionObserver.Perspex#IDescription#Description">
            <inheritdoc/>
        </member>
        <member name="P:Perspex.Markup.Data.ExpressionObserver.Node">
            <summary>
            Gets the root expression node. Used for testing.
            </summary>
        </member>
        <member name="P:Perspex.Markup.Data.ExpressionObserver.Leaf">
            <summary>
            Gets the leaf node.
            </summary>
        </member>
        <member name="M:Perspex.Markup.Data.ExpressionObserver.SubscribeCore(System.IObserver{System.Object})">
            <inheritdoc/>
        </member>
        <member name="T:Perspex.Markup.ControlLocator">
            <summary>
            Locates controls relative to other controls.
            </summary>
        </member>
        <member name="M:Perspex.Markup.ControlLocator.Track(Perspex.Controls.IControl,System.String)">
            <summary>
            Tracks a named control relative to another control.
            </summary>
            <param name="relativeTo">
            The control relative from which the other control should be found.
            </param>
            <param name="name">The name of the control to find.</param>
        </member>
        <member name="T:Perspex.Markup.FuncMultiValueConverter`2">
            <summary>
            A general purpose <see cref="T:Perspex.Markup.IValueConverter"/> that uses a <see cref="T:System.Func`2"/>
            to provide the converter logic.
            </summary>
            <typeparam name="TIn">The type of the inputs.</typeparam>
            <typeparam name="TOut">The output type.</typeparam>
        </member>
        <member name="M:Perspex.Markup.FuncMultiValueConverter`2.#ctor(System.Func{System.Collections.Generic.IEnumerable{`0},`1})">
            <summary>
            Initializes a new instance of the <see cref="T:Perspex.Markup.FuncValueConverter`2"/> class.
            </summary>
            <param name="convert">The convert function.</param>
        </member>
        <member name="M:Perspex.Markup.FuncMultiValueConverter`2.Convert(System.Collections.Generic.IList{System.Object},System.Type,System.Object,System.Globalization.CultureInfo)">
            <inheritdoc/>
        </member>
        <member name="T:Perspex.Markup.FuncValueConverter`2">
            <summary>
            A general purpose <see cref="T:Perspex.Markup.IValueConverter"/> that uses a <see cref="T:System.Func`2"/>
            to provide the converter logic.
            </summary>
            <typeparam name="TIn">The input type.</typeparam>
            <typeparam name="TOut">The output type.</typeparam>
        </member>
        <member name="M:Perspex.Markup.FuncValueConverter`2.#ctor(System.Func{`0,`1})">
            <summary>
            Initializes a new instance of the <see cref="T:Perspex.Markup.FuncValueConverter`2"/> class.
            </summary>
            <param name="convert">The convert function.</param>
        </member>
        <member name="M:Perspex.Markup.FuncValueConverter`2.Convert(System.Object,System.Type,System.Object,System.Globalization.CultureInfo)">
            <inheritdoc/>
        </member>
        <member name="M:Perspex.Markup.FuncValueConverter`2.ConvertBack(System.Object,System.Type,System.Object,System.Globalization.CultureInfo)">
            <inheritdoc/>
        </member>
        <member name="T:Perspex.Markup.IMultiValueConverter">
            <summary>
            Converts multi-binding inputs to a final value.
            </summary>
        </member>
        <member name="M:Perspex.Markup.IMultiValueConverter.Convert(System.Collections.Generic.IList{System.Object},System.Type,System.Object,System.Globalization.CultureInfo)">
            <summary>
            Converts multi-binding inputs to a final value.
            </summary>
            <param name="values">The values to convert.</param>
            <param name="targetType">The type of the target.</param>
            <param name="parameter">A user-defined parameter.</param>
            <param name="culture">The culture to use.</param>
            <returns>The converted value.</returns>
            <remarks>
            This method should not throw exceptions. If the value is not convertible, return
            <see cref="F:Perspex.PerspexProperty.UnsetValue"/>. Any exception thrown will be treated as
            an application exception.
            </remarks>
        </member>
        <member name="T:Perspex.Markup.BoolConverters">
            <summary>
            Provides a set of useful <see cref="T:Perspex.Markup.IValueConverter"/>s for working with string values.
            </summary>
        </member>
        <member name="F:Perspex.Markup.BoolConverters.And">
            <summary>
            A multi-value converter that returns true if all inputs are true.
            </summary>
        </member>
        <member name="T:Perspex.Markup.StringConverters">
            <summary>
            Provides a set of useful <see cref="T:Perspex.Markup.IValueConverter"/>s for working with string values.
            </summary>
        </member>
        <member name="F:Perspex.Markup.StringConverters.NullOrEmpty">
            <summary>
            A value converter that returns true if the input string is null or an empty string.
            </summary>
        </member>
        <member name="F:Perspex.Markup.StringConverters.NotNullOrEmpty">
            <summary>
            A value converter that returns true if the input string is not null or empty.
            </summary>
        </member>
        <member name="T:Perspex.Markup.DefaultValueConverter">
            <summary>
            Provides a default set of value conversions for bindings that do not specify a value
            converter.
            </summary>
        </member>
        <member name="F:Perspex.Markup.DefaultValueConverter.Instance">
            <summary>
            Gets an instance of a <see cref="T:Perspex.Markup.DefaultValueConverter"/>.
            </summary>
        </member>
        <member name="M:Perspex.Markup.DefaultValueConverter.Convert(System.Object,System.Type,System.Object,System.Globalization.CultureInfo)">
            <summary>
            Converts a value.
            </summary>
            <param name="value">The value to convert.</param>
            <param name="targetType">The type of the target.</param>
            <param name="parameter">A user-defined parameter.</param>
            <param name="culture">The culture to use.</param>
            <returns>The converted value.</returns>
        </member>
        <member name="M:Perspex.Markup.DefaultValueConverter.ConvertBack(System.Object,System.Type,System.Object,System.Globalization.CultureInfo)">
            <summary>
            Converts a value.
            </summary>
            <param name="value">The value to convert.</param>
            <param name="targetType">The type of the target.</param>
            <param name="parameter">A user-defined parameter.</param>
            <param name="culture">The culture to use.</param>
            <returns>The converted value.</returns>
        </member>
        <member name="T:Perspex.Markup.IValueConverter">
            <summary>
            Converts a binding value.
            </summary>
        </member>
        <member name="M:Perspex.Markup.IValueConverter.Convert(System.Object,System.Type,System.Object,System.Globalization.CultureInfo)">
            <summary>
            Converts a value.
            </summary>
            <param name="value">The value to convert.</param>
            <param name="targetType">The type of the target.</param>
            <param name="parameter">A user-defined parameter.</param>
            <param name="culture">The culture to use.</param>
            <returns>The converted value.</returns>
            <remarks>
            This method should not throw exceptions. If the value is not convertible, return
            <see cref="F:Perspex.PerspexProperty.UnsetValue"/>. Any exception thrown will be treated as
            an application exception.
            </remarks>
        </member>
        <member name="M:Perspex.Markup.IValueConverter.ConvertBack(System.Object,System.Type,System.Object,System.Globalization.CultureInfo)">
            <summary>
            Converts a value.
            </summary>
            <param name="value">The value to convert.</param>
            <param name="targetType">The type of the target.</param>
            <param name="parameter">A user-defined parameter.</param>
            <param name="culture">The culture to use.</param>
            <returns>The converted value.</returns>
            <remarks>
            This method should not throw exceptions. If the value is not convertible, return
            <see cref="F:Perspex.PerspexProperty.UnsetValue"/>. Any exception thrown will be treated as
            an application exception.
            </remarks>
        </member>
    </members>
</doc>
