<?xml version="1.0"?>
<doc>
    <assembly>
        <name>Perspex.Layout</name>
    </assembly>
    <members>
        <member name="T:Perspex.Layout.ILayoutable">
            <summary>
            Defines layout-related functionality for a control.
            </summary>
        </member>
        <member name="P:Perspex.Layout.ILayoutable.DesiredSize">
            <summary>
            Gets the size that this element computed during the measure pass of the layout process.
            </summary>
        </member>
        <member name="P:Perspex.Layout.ILayoutable.Width">
            <summary>
            Gets the width of the element.
            </summary>
        </member>
        <member name="P:Perspex.Layout.ILayoutable.Height">
            <summary>
            Gets the height of the element.
            </summary>
        </member>
        <member name="P:Perspex.Layout.ILayoutable.MinWidth">
            <summary>
            Gets the minimum width of the element.
            </summary>
        </member>
        <member name="P:Perspex.Layout.ILayoutable.MaxWidth">
            <summary>
            Gets the maximum width of the element.
            </summary>
        </member>
        <member name="P:Perspex.Layout.ILayoutable.MinHeight">
            <summary>
            Gets the minimum height of the element.
            </summary>
        </member>
        <member name="P:Perspex.Layout.ILayoutable.MaxHeight">
            <summary>
            Gets the maximum height of the element.
            </summary>
        </member>
        <member name="P:Perspex.Layout.ILayoutable.Margin">
            <summary>
            Gets the margin around the element.
            </summary>
        </member>
        <member name="P:Perspex.Layout.ILayoutable.HorizontalAlignment">
            <summary>
            Gets the element's preferred horizontal alignment in its parent.
            </summary>
        </member>
        <member name="P:Perspex.Layout.ILayoutable.VerticalAlignment">
            <summary>
            Gets the element's preferred vertical alignment in its parent.
            </summary>
        </member>
        <member name="P:Perspex.Layout.ILayoutable.IsMeasureValid">
            <summary>
            Gets a value indicating whether the control's layout measure is valid.
            </summary>
        </member>
        <member name="P:Perspex.Layout.ILayoutable.IsArrangeValid">
            <summary>
            Gets a value indicating whether the control's layouts arrange is valid.
            </summary>
        </member>
        <member name="P:Perspex.Layout.ILayoutable.PreviousMeasure">
            <summary>
            Gets the available size passed in the previous layout pass, if any.
            </summary>
        </member>
        <member name="P:Perspex.Layout.ILayoutable.PreviousArrange">
            <summary>
            Gets the layout rect passed in the previous layout pass, if any.
            </summary>
        </member>
        <member name="M:Perspex.Layout.ILayoutable.ApplyTemplate">
            <summary>
            Creates the visual children of the control, if necessary
            </summary>
        </member>
        <member name="M:Perspex.Layout.ILayoutable.Measure(Perspex.Size)">
            <summary>
            Carries out a measure of the control.
            </summary>
            <param name="availableSize">The available size for the control.</param>
        </member>
        <member name="M:Perspex.Layout.ILayoutable.Arrange(Perspex.Rect)">
            <summary>
            Arranges the control and its children.
            </summary>
            <param name="rect">The control's new bounds.</param>
        </member>
        <member name="M:Perspex.Layout.ILayoutable.InvalidateMeasure">
            <summary>
            Invalidates the measurement of the control and queues a new layout pass.
            </summary>
        </member>
        <member name="M:Perspex.Layout.ILayoutable.InvalidateArrange">
            <summary>
            Invalidates the arrangement of the control and queues a new layout pass.
            </summary>
        </member>
        <member name="M:Perspex.Layout.ILayoutable.ChildDesiredSizeChanged(Perspex.Layout.ILayoutable)">
            <summary>
            Called when a child control's desired size changes.
            </summary>
            <param name="control">The child control.</param>
        </member>
        <member name="T:Perspex.Layout.ILayoutManager">
            <summary>
            Manages measuring and arranging of controls.
            </summary>
        </member>
        <member name="M:Perspex.Layout.ILayoutManager.InvalidateMeasure(Perspex.Layout.ILayoutable)">
            <summary>
            Notifies the layout manager that a control requires a measure.
            </summary>
            <param name="control">The control.</param>
        </member>
        <member name="M:Perspex.Layout.ILayoutManager.InvalidateArrange(Perspex.Layout.ILayoutable)">
            <summary>
            Notifies the layout manager that a control requires an arrange.
            </summary>
            <param name="control">The control.</param>
        </member>
        <member name="M:Perspex.Layout.ILayoutManager.ExecuteLayoutPass">
            <summary>
            Executes a layout pass.
            </summary>
            <remarks>
            You should not usually need to call this method explictly, the layout manager will
            schedule layout passes itself.
            </remarks>
        </member>
        <member name="M:Perspex.Layout.ILayoutManager.ExecuteInitialLayoutPass(Perspex.Layout.ILayoutRoot)">
            <summary>
            Executes the initial layout pass on a layout root.
            </summary>
            <param name="root">The control to lay out.</param>
            <remarks>
            You should not usually need to call this method explictly, the layout root will call
            it to carry out the initial layout of the control.
            </remarks>
        </member>
        <member name="T:Perspex.Layout.ILayoutRoot">
            <summary>
            Defines the root of a layoutable tree.
            </summary>
        </member>
        <member name="P:Perspex.Layout.ILayoutRoot.ClientSize">
            <summary>
            The size available to lay out the controls.
            </summary>
        </member>
        <member name="P:Perspex.Layout.ILayoutRoot.MaxClientSize">
            <summary>
            The maximum client size available.
            </summary>
        </member>
        <member name="P:Perspex.Layout.ILayoutRoot.LayoutScaling">
            <summary>
            The scaling factor to use in layout.
            </summary>
        </member>
        <member name="T:Perspex.Layout.HorizontalAlignment">
            <summary>
            Defines how a control aligns itself horizontally in its parent control.
            </summary>
        </member>
        <member name="F:Perspex.Layout.HorizontalAlignment.Stretch">
            <summary>
            The control stretches to fill the width of the parent control.
            </summary>
        </member>
        <member name="F:Perspex.Layout.HorizontalAlignment.Left">
            <summary>
            The control aligns itself to the left of the parent control.
            </summary>
        </member>
        <member name="F:Perspex.Layout.HorizontalAlignment.Center">
            <summary>
            The control centers itself in the parent control.
            </summary>
        </member>
        <member name="F:Perspex.Layout.HorizontalAlignment.Right">
            <summary>
            The control aligns itself to the right of the parent control.
            </summary>
        </member>
        <member name="T:Perspex.Layout.VerticalAlignment">
            <summary>
            Defines how a control aligns itself vertically in its parent control.
            </summary>
        </member>
        <member name="F:Perspex.Layout.VerticalAlignment.Stretch">
            <summary>
            The control stretches to fill the height of the parent control.
            </summary>
        </member>
        <member name="F:Perspex.Layout.VerticalAlignment.Top">
            <summary>
            The control aligns itself to the top of the parent control.
            </summary>
        </member>
        <member name="F:Perspex.Layout.VerticalAlignment.Center">
            <summary>
            The control centers itself within the parent control.
            </summary>
        </member>
        <member name="F:Perspex.Layout.VerticalAlignment.Bottom">
            <summary>
            The control aligns itself to the bottom of the parent control.
            </summary>
        </member>
        <member name="T:Perspex.Layout.Layoutable">
            <summary>
            Implements layout-related functionality for a control.
            </summary>
        </member>
        <member name="F:Perspex.Layout.Layoutable.DesiredSizeProperty">
            <summary>
            Defines the <see cref="P:Perspex.Layout.Layoutable.DesiredSize"/> property.
            </summary>
        </member>
        <member name="F:Perspex.Layout.Layoutable.WidthProperty">
            <summary>
            Defines the <see cref="P:Perspex.Layout.Layoutable.Width"/> property.
            </summary>
        </member>
        <member name="F:Perspex.Layout.Layoutable.HeightProperty">
            <summary>
            Defines the <see cref="P:Perspex.Layout.Layoutable.Height"/> property.
            </summary>
        </member>
        <member name="F:Perspex.Layout.Layoutable.MinWidthProperty">
            <summary>
            Defines the <see cref="P:Perspex.Layout.Layoutable.MinWidth"/> property.
            </summary>
        </member>
        <member name="F:Perspex.Layout.Layoutable.MaxWidthProperty">
            <summary>
            Defines the <see cref="P:Perspex.Layout.Layoutable.MaxWidth"/> property.
            </summary>
        </member>
        <member name="F:Perspex.Layout.Layoutable.MinHeightProperty">
            <summary>
            Defines the <see cref="P:Perspex.Layout.Layoutable.MinHeight"/> property.
            </summary>
        </member>
        <member name="F:Perspex.Layout.Layoutable.MaxHeightProperty">
            <summary>
            Defines the <see cref="P:Perspex.Layout.Layoutable.MaxHeight"/> property.
            </summary>
        </member>
        <member name="F:Perspex.Layout.Layoutable.MarginProperty">
            <summary>
            Defines the <see cref="P:Perspex.Layout.Layoutable.Margin"/> property.
            </summary>
        </member>
        <member name="F:Perspex.Layout.Layoutable.HorizontalAlignmentProperty">
            <summary>
            Defines the <see cref="P:Perspex.Layout.Layoutable.HorizontalAlignment"/> property.
            </summary>
        </member>
        <member name="F:Perspex.Layout.Layoutable.VerticalAlignmentProperty">
            <summary>
            Defines the <see cref="P:Perspex.Layout.Layoutable.VerticalAlignment"/> property.
            </summary>
        </member>
        <member name="F:Perspex.Layout.Layoutable.UseLayoutRoundingProperty">
            <summary>
            Defines the <see cref="F:Perspex.Layout.Layoutable.UseLayoutRoundingProperty"/> property.
            </summary>
        </member>
        <member name="M:Perspex.Layout.Layoutable.#cctor">
            <summary>
            Initializes static members of the <see cref="T:Perspex.Layout.Layoutable"/> class.
            </summary>
        </member>
        <member name="P:Perspex.Layout.Layoutable.Width">
            <summary>
            Gets or sets the width of the element.
            </summary>
        </member>
        <member name="P:Perspex.Layout.Layoutable.Height">
            <summary>
            Gets or sets the height of the element.
            </summary>
        </member>
        <member name="P:Perspex.Layout.Layoutable.MinWidth">
            <summary>
            Gets or sets the minimum width of the element.
            </summary>
        </member>
        <member name="P:Perspex.Layout.Layoutable.MaxWidth">
            <summary>
            Gets or sets the maximum width of the element.
            </summary>
        </member>
        <member name="P:Perspex.Layout.Layoutable.MinHeight">
            <summary>
            Gets or sets the minimum height of the element.
            </summary>
        </member>
        <member name="P:Perspex.Layout.Layoutable.MaxHeight">
            <summary>
            Gets or sets the maximum height of the element.
            </summary>
        </member>
        <member name="P:Perspex.Layout.Layoutable.Margin">
            <summary>
            Gets or sets the margin around the element.
            </summary>
        </member>
        <member name="P:Perspex.Layout.Layoutable.HorizontalAlignment">
            <summary>
            Gets or sets the element's preferred horizontal alignment in its parent.
            </summary>
        </member>
        <member name="P:Perspex.Layout.Layoutable.VerticalAlignment">
            <summary>
            Gets or sets the element's preferred vertical alignment in its parent.
            </summary>
        </member>
        <member name="P:Perspex.Layout.Layoutable.DesiredSize">
            <summary>
            Gets the size that this element computed during the measure pass of the layout process.
            </summary>
        </member>
        <member name="P:Perspex.Layout.Layoutable.IsMeasureValid">
            <summary>
            Gets a value indicating whether the control's layout measure is valid.
            </summary>
        </member>
        <member name="P:Perspex.Layout.Layoutable.IsArrangeValid">
            <summary>
            Gets a value indicating whether the control's layouts arrange is valid.
            </summary>
        </member>
        <member name="P:Perspex.Layout.Layoutable.UseLayoutRounding">
            <summary>
            Gets or sets a value that determines whether the element should be snapped to pixel
            boundaries at layout time.
            </summary>
        </member>
        <member name="P:Perspex.Layout.Layoutable.Perspex#Layout#ILayoutable#PreviousMeasure">
            <summary>
            Gets the available size passed in the previous layout pass, if any.
            </summary>
        </member>
        <member name="P:Perspex.Layout.Layoutable.Perspex#Layout#ILayoutable#PreviousArrange">
            <summary>
            Gets the layout rect passed in the previous layout pass, if any.
            </summary>
        </member>
        <member name="M:Perspex.Layout.Layoutable.ApplyTemplate">
            <summary>
            Creates the visual children of the control, if necessary
            </summary>
        </member>
        <member name="M:Perspex.Layout.Layoutable.Measure(Perspex.Size)">
            <summary>
            Carries out a measure of the control.
            </summary>
            <param name="availableSize">The available size for the control.</param>
        </member>
        <member name="M:Perspex.Layout.Layoutable.Arrange(Perspex.Rect)">
            <summary>
            Arranges the control and its children.
            </summary>
            <param name="rect">The control's new bounds.</param>
        </member>
        <member name="M:Perspex.Layout.Layoutable.InvalidateMeasure">
            <summary>
            Invalidates the measurement of the control and queues a new layout pass.
            </summary>
        </member>
        <member name="M:Perspex.Layout.Layoutable.InvalidateArrange">
            <summary>
            Invalidates the arrangement of the control and queues a new layout pass.
            </summary>
        </member>
        <member name="M:Perspex.Layout.Layoutable.Perspex#Layout#ILayoutable#ChildDesiredSizeChanged(Perspex.Layout.ILayoutable)">
            <inheritdoc/>
        </member>
        <member name="M:Perspex.Layout.Layoutable.AffectsMeasure(Perspex.PerspexProperty[])">
            <summary>
            Marks a property as affecting the control's measurement.
            </summary>
            <param name="properties">The properties.</param>
            <remarks>
            After a call to this method in a control's static constructor, any change to the
            property will cause <see cref="M:Perspex.Layout.Layoutable.InvalidateMeasure"/> to be called on the element.
            </remarks>
        </member>
        <member name="M:Perspex.Layout.Layoutable.AffectsArrange(Perspex.PerspexProperty[])">
            <summary>
            Marks a property as affecting the control's arrangement.
            </summary>
            <param name="properties">The properties.</param>
            <remarks>
            After a call to this method in a control's static constructor, any change to the
            property will cause <see cref="M:Perspex.Layout.Layoutable.InvalidateArrange"/> to be called on the element.
            </remarks>
        </member>
        <member name="M:Perspex.Layout.Layoutable.MeasureCore(Perspex.Size)">
            <summary>
            The default implementation of the control's measure pass.
            </summary>
            <param name="availableSize">The size available to the control.</param>
            <returns>The desired size for the control.</returns>
            <remarks>
            This method calls <see cref="M:Perspex.Layout.Layoutable.MeasureOverride(Perspex.Size)"/> which is probably the method you
            want to override in order to modify a control's arrangement.
            </remarks>
        </member>
        <member name="M:Perspex.Layout.Layoutable.MeasureOverride(Perspex.Size)">
            <summary>
            Measures the control and its child elements as part of a layout pass.
            </summary>
            <param name="availableSize">The size available to the control.</param>
            <returns>The desired size for the control.</returns>
        </member>
        <member name="M:Perspex.Layout.Layoutable.ArrangeCore(Perspex.Rect)">
            <summary>
            The default implementation of the control's arrange pass.
            </summary>
            <param name="finalRect">The control's new bounds.</param>
            <remarks>
            This method calls <see cref="M:Perspex.Layout.Layoutable.ArrangeOverride(Perspex.Size)"/> which is probably the method you
            want to override in order to modify a control's arrangement.
            </remarks>
        </member>
        <member name="M:Perspex.Layout.Layoutable.ArrangeOverride(Perspex.Size)">
            <summary>
            Positions child elements as part of a layout pass.
            </summary>
            <param name="finalSize">The size available to the control.</param>
            <returns>The actual size used.</returns>
        </member>
        <member name="M:Perspex.Layout.Layoutable.AffectsMeasureInvalidate(Perspex.PerspexPropertyChangedEventArgs)">
            <summary>
            Calls <see cref="M:Perspex.Layout.Layoutable.InvalidateMeasure"/> on the control on which a property changed.
            </summary>
            <param name="e">The event args.</param>
        </member>
        <member name="M:Perspex.Layout.Layoutable.AffectsArrangeInvalidate(Perspex.PerspexPropertyChangedEventArgs)">
            <summary>
            Calls <see cref="M:Perspex.Layout.Layoutable.InvalidateArrange"/> on the control on which a property changed.
            </summary>
            <param name="e">The event args.</param>
        </member>
        <member name="M:Perspex.Layout.Layoutable.IsInvalidRect(Perspex.Rect)">
            <summary>
            Tests whether any of a <see cref="T:Perspex.Rect"/>'s properties incude nagative values,
            a NaN or Infinity.
            </summary>
            <param name="rect">The rect.</param>
            <returns>True if the rect is invalid; otherwise false.</returns>
        </member>
        <member name="M:Perspex.Layout.Layoutable.IsInvalidSize(Perspex.Size)">
            <summary>
            Tests whether any of a <see cref="T:Perspex.Size"/>'s properties incude nagative values,
            a NaN or Infinity.
            </summary>
            <param name="size">The size.</param>
            <returns>True if the size is invalid; otherwise false.</returns>
        </member>
        <member name="M:Perspex.Layout.Layoutable.NonNegative(Perspex.Size)">
            <summary>
            Ensures neither component of a <see cref="T:Perspex.Size"/> is negative.
            </summary>
            <param name="size">The size.</param>
            <returns>The non-negative size.</returns>
        </member>
        <member name="T:Perspex.Layout.LayoutHelper">
            <summary>
            Provides helper methods needed for layout.
            </summary>
        </member>
        <member name="M:Perspex.Layout.LayoutHelper.ApplyLayoutConstraints(Perspex.Layout.ILayoutable,Perspex.Size)">
            <summary>
            Calculates a control's size based on its <see cref="P:Perspex.Layout.ILayoutable.Width"/>,
            <see cref="P:Perspex.Layout.ILayoutable.Height"/>, <see cref="P:Perspex.Layout.ILayoutable.MinWidth"/>,
            <see cref="P:Perspex.Layout.ILayoutable.MaxWidth"/>, <see cref="P:Perspex.Layout.ILayoutable.MinHeight"/> and
            <see cref="P:Perspex.Layout.ILayoutable.MaxHeight"/>.
            </summary>
            <param name="control">The control.</param>
            <param name="constraints">The space available for the control.</param>
            <returns>The control's size.</returns>
        </member>
        <member name="T:Perspex.Layout.LayoutManager">
            <summary>
            Manages measuring and arranging of controls.
            </summary>
        </member>
        <member name="P:Perspex.Layout.LayoutManager.Instance">
            <summary>
            Gets the layout manager.
            </summary>
        </member>
        <member name="M:Perspex.Layout.LayoutManager.InvalidateMeasure(Perspex.Layout.ILayoutable)">
            <inheritdoc/>
        </member>
        <member name="M:Perspex.Layout.LayoutManager.InvalidateArrange(Perspex.Layout.ILayoutable)">
            <inheritdoc/>
        </member>
        <member name="M:Perspex.Layout.LayoutManager.ExecuteLayoutPass">
            <inheritdoc/>
        </member>
        <member name="M:Perspex.Layout.LayoutManager.ExecuteInitialLayoutPass(Perspex.Layout.ILayoutRoot)">
            <inheritdoc/>
        </member>
    </members>
</doc>
