<?xml version="1.0"?>
<doc>
    <assembly>
        <name>Perspex.Interactivity</name>
    </assembly>
    <members>
        <member name="T:Perspex.Interactivity.IInteractive">
            <summary>
            Interface for objects that raise routed events.
            </summary>
        </member>
        <member name="P:Perspex.Interactivity.IInteractive.InteractiveParent">
            <summary>
            Gets the interactive parent of the object for bubbling and tunnelling events.
            </summary>
        </member>
        <member name="M:Perspex.Interactivity.IInteractive.AddHandler(Perspex.Interactivity.RoutedEvent,System.Delegate,Perspex.Interactivity.RoutingStrategies,System.Boolean)">
            <summary>
            Adds a handler for the specified routed event.
            </summary>
            <param name="routedEvent">The routed event.</param>
            <param name="handler">The handler.</param>
            <param name="routes">The routing strategies to listen to.</param>
            <param name="handledEventsToo">Whether handled events should also be listened for.</param>
            <returns>A disposable that terminates the event subscription.</returns>
        </member>
        <member name="M:Perspex.Interactivity.IInteractive.AddHandler``1(Perspex.Interactivity.RoutedEvent{``0},System.EventHandler{``0},Perspex.Interactivity.RoutingStrategies,System.Boolean)">
            <summary>
            Adds a handler for the specified routed event.
            </summary>
            <typeparam name="TEventArgs">The type of the event's args.</typeparam>
            <param name="routedEvent">The routed event.</param>
            <param name="handler">The handler.</param>
            <param name="routes">The routing strategies to listen to.</param>
            <param name="handledEventsToo">Whether handled events should also be listened for.</param>
            <returns>A disposable that terminates the event subscription.</returns>
        </member>
        <member name="M:Perspex.Interactivity.IInteractive.RemoveHandler(Perspex.Interactivity.RoutedEvent,System.Delegate)">
            <summary>
            Removes a handler for the specified routed event.
            </summary>
            <param name="routedEvent">The routed event.</param>
            <param name="handler">The handler.</param>
        </member>
        <member name="M:Perspex.Interactivity.IInteractive.RemoveHandler``1(Perspex.Interactivity.RoutedEvent{``0},System.EventHandler{``0})">
            <summary>
            Removes a handler for the specified routed event.
            </summary>
            <typeparam name="TEventArgs">The type of the event's args.</typeparam>
            <param name="routedEvent">The routed event.</param>
            <param name="handler">The handler.</param>
        </member>
        <member name="M:Perspex.Interactivity.IInteractive.RaiseEvent(Perspex.Interactivity.RoutedEventArgs)">
            <summary>
            Raises a routed event.
            </summary>
            <param name="e">The event args.</param>
        </member>
        <member name="T:Perspex.Interactivity.InteractiveExtensions">
            <summary>
            Provides extension methods for the <see cref="T:Perspex.Interactivity.IInteractive"/> interface.
            </summary>
        </member>
        <member name="M:Perspex.Interactivity.InteractiveExtensions.GetBubbleEventRoute(Perspex.Interactivity.IInteractive)">
            <summary>
            Gets the route for bubbling events from the specified interactive.
            </summary>
            <param name="interactive">The interactive.</param>
            <returns>The event route.</returns>
        </member>
        <member name="M:Perspex.Interactivity.InteractiveExtensions.GetTunnelEventRoute(Perspex.Interactivity.IInteractive)">
            <summary>
            Gets the route for tunneling events from the specified interactive.
            </summary>
            <param name="interactive">The interactive.</param>
            <returns>The event route.</returns>
        </member>
        <member name="T:Perspex.Interactivity.Interactive">
            <summary>
            Base class for objects that raise routed events.
            </summary>
        </member>
        <member name="P:Perspex.Interactivity.Interactive.Perspex#Interactivity#IInteractive#InteractiveParent">
            <summary>
            Gets the interactive parent of the object for bubbling and tunnelling events.
            </summary>
        </member>
        <member name="M:Perspex.Interactivity.Interactive.AddHandler(Perspex.Interactivity.RoutedEvent,System.Delegate,Perspex.Interactivity.RoutingStrategies,System.Boolean)">
            <summary>
            Adds a handler for the specified routed event.
            </summary>
            <param name="routedEvent">The routed event.</param>
            <param name="handler">The handler.</param>
            <param name="routes">The routing strategies to listen to.</param>
            <param name="handledEventsToo">Whether handled events should also be listened for.</param>
            <returns>A disposable that terminates the event subscription.</returns>
        </member>
        <member name="M:Perspex.Interactivity.Interactive.AddHandler``1(Perspex.Interactivity.RoutedEvent{``0},System.EventHandler{``0},Perspex.Interactivity.RoutingStrategies,System.Boolean)">
            <summary>
            Adds a handler for the specified routed event.
            </summary>
            <typeparam name="TEventArgs">The type of the event's args.</typeparam>
            <param name="routedEvent">The routed event.</param>
            <param name="handler">The handler.</param>
            <param name="routes">The routing strategies to listen to.</param>
            <param name="handledEventsToo">Whether handled events should also be listened for.</param>
            <returns>A disposable that terminates the event subscription.</returns>
        </member>
        <member name="M:Perspex.Interactivity.Interactive.RemoveHandler(Perspex.Interactivity.RoutedEvent,System.Delegate)">
            <summary>
            Removes a handler for the specified routed event.
            </summary>
            <param name="routedEvent">The routed event.</param>
            <param name="handler">The handler.</param>
        </member>
        <member name="M:Perspex.Interactivity.Interactive.RemoveHandler``1(Perspex.Interactivity.RoutedEvent{``0},System.EventHandler{``0})">
            <summary>
            Removes a handler for the specified routed event.
            </summary>
            <typeparam name="TEventArgs">The type of the event's args.</typeparam>
            <param name="routedEvent">The routed event.</param>
            <param name="handler">The handler.</param>
        </member>
        <member name="M:Perspex.Interactivity.Interactive.RaiseEvent(Perspex.Interactivity.RoutedEventArgs)">
            <summary>
            Raises a routed event.
            </summary>
            <param name="e">The event args.</param>
        </member>
        <member name="M:Perspex.Interactivity.Interactive.BubbleEvent(Perspex.Interactivity.RoutedEventArgs)">
            <summary>
            Bubbles an event.
            </summary>
            <param name="e">The event args.</param>
        </member>
        <member name="M:Perspex.Interactivity.Interactive.TunnelEvent(Perspex.Interactivity.RoutedEventArgs)">
            <summary>
            Tunnels an event.
            </summary>
            <param name="e">The event args.</param>
        </member>
        <member name="M:Perspex.Interactivity.Interactive.RaiseEventImpl(Perspex.Interactivity.RoutedEventArgs)">
            <summary>
            Carries out the actual invocation of an event on this object.
            </summary>
            <param name="e">The event args.</param>
        </member>
    </members>
</doc>
