<?xml version="1.0"?>
<doc>
    <assembly>
        <name>Serilog.Sinks.Trace</name>
    </assembly>
    <members>
        <member name="M:Serilog.TraceLoggerConfigurationExtensions.Trace(Serilog.Configuration.LoggerSinkConfiguration,Serilog.Events.LogEventLevel,System.String,System.IFormatProvider,Serilog.Core.LoggingLevelSwitch)">
            <summary>
            Write log events to the <see cref="T:System.Diagnostics.Trace"/>.
            </summary>
            <param name="sinkConfiguration">Logger sink configuration.</param>
            <param name="restrictedToMinimumLevel">The minimum level for
            events passed through the sink. Ignored when <paramref name="levelSwitch"/> is specified.</param>
            <param name="levelSwitch">A switch allowing the pass-through minimum level
            to be changed at runtime.</param>
            <param name="outputTemplate">A message template describing the format used to write to the sink.
            the default is "{Timestamp} [{Level}] {Message}{NewLine}{Exception}".</param>
            <param name="formatProvider">Supplies culture-specific formatting information, or null.</param>
            <returns>Configuration object allowing method chaining.</returns>
        </member>
    </members>
</doc>
